{"cameraMode":{"drawMode":0,"name":"Shaded","section":"Shading Mode"},"sceneLighting":true,"audioPlay":false,"sceneViewState":{"m_AlwaysRefresh":false,"showFog":true,"showSkybox":true,"showFlares":true,"showImageEffects":true,"showParticleSystems":true,"showVisualEffectGraphs":true,"m_FxEnabled":true},"in2DMode":false,"pivot":{"x":-3.2453179359436037,"y":2.2575979232788088,"z":1.1932168006896973},"rotation":{"x":0.04992285743355751,"y":0.9267392754554749,"z":-0.13327404856681825,"w":0.3475685715675354},"size":0.30069929361343386,"orthographic":false}